ID,Latitude,Longitude,Structure Number,Location,Flagged for Inundation
0,47.25279,-124.17808,00000000000P001,'3.2 KM N.E. OF MOCLIPS',1
1,47.24964,-124.17406,00000000000P002,'3 KM NE OF MOCLIPS',1
2,47.29478,-124.06622,00000000000P004,'15 KM N.E. OF MOCLIPS',1
3,47.33805,-124.03274,00000000000P005,'23 KM NE OF MOCLIPS',1
4,47.34756,-124.00773,00000000000P006,'26 KM NE OF MOCLIPS',1
5,47.25281,-124.17436,00000000000P008,'4 KM N.E. OF MOCLIPS',1
6,47.35775,-123.99073,00000000000P009,'25.7 KM NE COPALIS X-ING',1
7,47.42814,-123.91425,00000000000P012,'4 KM S OF AMANDA PARK JCT',1
8,47.35099,-124.15472,00000000000P013,'16 KM NORTH OF MOCLIPS',1
9,47.30189,-124.06139,00000000000P020,'15 KM N.E. OF MOCLIPS',1
10,46.97597,-123.81206,000000LM0000000,'0.1 E JCT US 101',1
11,46.44978,-123.87247,000000MB0000000,'1.7 N JCT SR 4',1
12,46.47519,-123.88497,000000NB0000000,'3.6 N JCT SR 4',1
13,47.28444,-124.23383,000000NC0000000,'19.1 N JCT SR 115',1
14,46.36583,-123.95117,000013552-70046,'Milepost 19.9 on US-101',1
15,46.55022,-123.41306,0000607A0000000,'21.8 E JCT US 101',0
16,46.8155,-123.1771,0000P06105T1631,'1.3KM WEST OF JCT 8049',0
17,46.8159,-123.1896,0000P06105T1632,'2.7KM W LUCKY EAGLE CASIN',0
18,46.81936,-123.19519,0000P06105T1633,'3.3KM W LUCKY EAGL CASINO',0
19,46.8194,-123.2002,0000P06105T1634,'AT FISH HATCHERY',0
20,46.82167,-123.20833,0000P06105T1635,'4KM W LUCKY EAGLE CASINO',0
21,47.348,-124.2847,0000P06117B0109,'.9 KM N  CUITAN STREET',1
22,47.32088,-124.15686,0000P06117B0206,'11KM NE OF MO CLIPS',1
23,47.43651,-123.89646,0000P06117B1804,'3 KM S OF AMANDA PK JUNCT',1
24,46.30403,-123.96701,0001074A0000000,'6.6 N JCT SR 401',1
25,46.97537,-123.87334,0001084A0000000,'3.3 N JCT US 12',1
26,46.54658,-123.38619,0001229A0000000,'23.2 E JCT US 101',0
27,46.75,-123.75039,0001331A0000000,'4.3 N JCT SR 105',0
28,46.76869,-123.7487,0001331B0000000,'5.7 N JCT SR 105',0
29,46.87975,-123.27175,0001576A0000000,'10.5 E JCT SR 8',0
30,46.84793,-123.24856,0001576B0000000,'13.0 E JCT SR 8',0
31,46.83029,-123.18614,0001576C0000000,'16.3 E JCT SR 8',0
32,46.97824,-123.79139,0001679A0000000,'1.1 E JCT US 101',1
33,46.37181,-123.95017,0001856A0000000,'7.0 N JCT SR 103',1
34,46.42819,-123.91819,0001856B0000000,'12.2 N JCT SR 103',1
35,46.97658,-123.64394,0001949A0000000,'8.3 E JCT US 101',0
36,47.3765,-123.89914,0002031C0000000,'32.9 N JCT SR 109',1
37,47.42583,-123.87644,2.03E+03,'36.5 N JCT SR 109',1
38,47.0043,-123.38715,0002236A0000000,'0.1 E JCT SR 8',0
39,46.95669,-123.32725,0002236B0000000,'4.5 E JCT SR 8',0
40,46.93778,-123.31069,0002236C0000000,'6.1 E JCT SR 8',0
41,46.9029,-123.29122,0002236D0000000,'8.6 E JCT SR 8',0
42,46.97711,-123.81289,0002311A0000000,'0.2 W JCT US 12',1
43,46.55576,-123.61139,0002340A0000000,'11.3 E JCT US 101',0
44,46.55822,-123.59692,0002340B0000000,'12.2 E JCT US 101',0
45,46.55986,-123.55086,0002340C0000000,'14.6 E JCT US 101',0
46,46.50116,-123.88645,0002539B0000000,'5.5 N JCT SR 4',1
47,46.51822,-123.88581,0002539D0000000,'6.7 N JCT SR 4',1
48,46.94,-123.87736,0002621A0000000,'13.6 N JCT SR 105 SP',1
49,46.93356,-123.90831,0002984A0000000,'12.1 N JCT SR 105 SP',1
50,46.93578,-123.8975,0002984B0000000,'12.6 N JCT SR 105 SP',1
51,46.93789,-123.88781,0002984C0000000,'13.1 N JCT SR 105 SP',1
52,47.16836,-123.88436,0003217A0000000,'15.1 N JCT SR 109',1
53,46.6631,-123.69011,0003251A0000000,'2.5 E JCT US 101',0
54,47.47381,-124.0225,0003255D0000000,'46.3 N JCT SR 109',1
55,46.96,-123.77622,0003581A0000000,'4.4 N JCT SR 107',0
56,47.09197,-123.90464,0003595A0000000,'9.2 N JCT SR 109',1
57,47.22732,-123.96475,0003765A0000000,'21.3 N JCT SR 109',1
58,47.22948,-123.96225,0003765B0000000,'21.5 N JCT SR 109',1
59,46.54803,-123.45103,0003775A0000000,'19.9 E JCT US 101',0
60,47.05655,-124.04961,0004078A0000000,'10.8 N JCT US 101',1
61,47.115,-124.16917,0004103A0000000,'5.3 N JCT SR 115',1
62,46.89914,-123.99953,0004106A0000000,'7.0 N JCT SR 105 SP',1
63,46.36667,-123.81064,0004271A0000000,'11.4 N JCT US 101',1
64,47.20617,-124.19767,0004376A0000000,'13.1 N JCT SR 115',1
65,46.97031,-123.60131,0004381A0000000,'7.6 N JCT US 101',0
66,46.97297,-123.60097,0004381B0000000,'7.8 N JCT US 101',0
67,46.97072,-123.80556,0004386A0000000,'0.2 N JCT SR 105',1
68,46.58206,-123.61869,0004552A0000000,'9.4 E JCT US 101',0
69,46.91764,-123.95831,0004564B0000000,'9.5 N JCT SR 105 SP',1
70,46.94333,-123.85333,0004564C0000000,'14.9 N JCT SR 105 SP',1
71,47.47689,-123.92947,0004740A0000000,'41.7 N JCT SR 109',1
72,46.86175,-124.07106,0004869A0000000,'1.9 N JCT SR 105 SP',1
73,47.04793,-124.04004,0004874A0000000,'10.1 N JCT US 101',1
74,47.05079,-124.0425,0004874B0000000,'10.3 N JCT US 101',1
75,47.05583,-124.16322,0005054A0000000,'0.8 N JCT SR 115',1
76,47.23754,-124.21396,0005054B0000000,'15.4 N JCT SR 115',1
77,46.79875,-123.74606,0005101A0000000,'0.6 N PACIFIC CO',0
78,46.34856,-123.95803,0005195A0000000,'5.2 N JCT SR 103',1
79,47.00378,-124.00156,0005197A0000000,'6.5 N JCT US 101',1
80,47.03111,-124.0255,0005197B0000000,'8.7 N JCT US 101',1
81,47.48025,-123.95919,0005198A0000000,'43.2 N JCT SR 109',1
82,47.10397,-123.90625,0005263B0000000,'10.0 N JCT SR 109',1
83,46.56096,-123.56058,0005493A0000000,'14.0 E JCT US 101',0
84,47.03092,-123.922,0005534A0000000,'4.4 N JCT SR 109',1
85,47.4771,-123.99714,0005777A0000000,'45.1 N JCT SR 109',1
86,47.50056,-124.13778,0005777B0000000,'52.2 N JCT SR 109',1
87,46.99398,-123.8948,0005808A0000000,'1.4 N JCT SR 109',1
88,46.95961,-123.60311,0005827A0000000,'6.8 N JCT US 101',0
89,46.30853,-123.80092,0005871A0000000,'6.9 N JCT US 101',1
90,46.34228,-123.81375,0005871B0000000,'9.6 N JCT US 101',1
91,46.72639,-123.85247,0006057A0000000,'7.6 N JCT US 101',1
92,47.05347,-123.2089,0006296A0000000,'3.8 E JCT SR 108',0
93,47.45763,-123.88899,0006421A0000000,'39.1 N JCT SR 109',1
94,47.01208,-123.36675,0006705A0000000,'1.1 E JCT US 12',0
95,47.01231,-123.36664,0006705B0000000,'1.1 E JCT US 12',0
96,47.04114,-123.32139,0006705C0000000,'4.1 E JCT US 12',0
97,47.04128,-123.3215,0006705D0000000,'4.1 E JCT US 12',0
98,46.54337,-123.51188,0007013A0000000,'16.8 E JCT US 101',0
99,47.00506,-123.38803,0007106A0000000,'JCT SR 8',0
100,47.00519,-123.38814,0007106B0000000,'JCT SR 8',0
101,47.00283,-123.39533,0007327A0000000,'10.0 E JCT SR 107',0
102,47.00303,-123.39544,0007327B0000000,'10.0 E JCT SR 107',0
103,46.36942,-123.80802,0007360A0000000,'11.6 N JCT US 101',1
104,46.37361,-123.80361,0007360B0000000,'12.0 N JCT US 101',1
105,46.66472,-123.80806,0007380A0000000,'25.4 N JCT SR 4',1
106,46.99731,-123.50261,0007612A0000000,'4.8 E JCT SR 107',0
107,46.99738,-123.50256,0007612B0000000,'4.8 E JCT SR 107',0
108,46.99859,-123.4982,0007612C0000000,'5.0 E JCT SR 107',0
109,46.99875,-123.4983,0007612D0000000,'5.0 E JCT SR 107',0
110,46.99903,-123.49638,7.61E+03,'5.1 E JCT SR 107',0
111,46.99875,-123.49828,0007612F0000000,'5.1 E JCT SR 107',0
112,46.99941,-123.49416,0007612G0000000,'5.2 E JCT SR 107',0
113,46.99957,-123.49433,0007612H0000000,'5.2 E JCT SR 107',0
114,46.24085,-123.87488,0007666A0000000,'OREGON LINE',1
115,46.23833,-123.87348,0007666B0000000,'3.65 S OREGON LINE',1
116,46.23396,-123.87133,0007666C0000000,'3.37 S OREGON LINE',1
117,46.20409,-123.85599,0007666D0000000,'0.96 S OREGON LINE',1
118,46.99893,-123.47121,0007786A0000000,'6.3 E JCT SR 107',0
119,46.99912,-123.47107,0007786B0000000,'6.3 E JCT SR 107',0
120,46.68131,-123.73364,0007868A0000000,'29.4 N JCT SR 4',0
121,46.97414,-123.61669,0008172A0000000,'9.7 E JCT US 101',0
122,46.9743,-123.61658,0008172B0000000,'9.7 E JCT US 101',0
123,46.97436,-123.60472,0008374A0000000,'10.3 E JCT US 101',0
124,46.97453,-123.60483,0008374B0000000,'10.3 E JCT US 101',0
125,46.97953,-123.88317,0008574A0000000,'3.3 N JCT US 12',1
126,47.00056,-123.40311,0009337A0000000,'9.6 E JCT SR 107',0
127,46.68837,-123.86867,0009868A0000000,'20.9 N JCT SR 4',1
128,46.69304,-123.85945,0009868B0000000,'21.4 N JCT SR 4',1
129,46.6835,-123.82786,0009868C0000000,'23.6 N JCT SR 4',1
130,46.32024,-124.00115,0011396A0000000,'8.7 N JCT SR 401',1
131,46.33099,-124.01414,0011396B0000000,'1.9 N JCT SR 103',1
132,46.33083,-124,0011396C0000000,'2.6 N JCT SR 103',1
133,46.67103,-123.77744,0011758A0000000,'26.9 N JCT SR 4',0
134,46.94731,-123.83853,0011779A0000000,'15.6 N JCT SR 105 SP',1
135,46.42925,-123.90622,0012641A0000000,'12.9 N JCT SR 103',1
136,46.97333,-123.81092,0012643A0000000,'0.2 N JCT SR 105',1
137,46.97269,-123.81531,0012643B0000000,'0.2 N JCT SR 105',1
138,47.0505,-123.92525,0012674A0000000,'6.0 N JCT SR 109',1
139,46.98867,-123.92247,0012712A0000000,'0.4 N JCT SR 109',1
140,47.12328,-123.89403,0012862A0000000,'11.6 N JCT SR 109',1
141,47.26283,-123.92061,0012926A0000000,'24.7 N JCT SR 109',1
142,46.88342,-123.71083,0012967A0000000,'7.3 N PACIFIC CO',0
143,46.8273,-123.16278,0012999A0000000,'17.4 E JCT SR 8',0
144,46.36812,-123.78058,0013040A0000000,'1.3 E JCT SR 401',0
145,46.35932,-123.76303,0013040B0000000,'2.4 E JCT SR 401',0
146,47.06831,-123.92989,0013515A0000000,'7.0 N JCT SR 109',1
147,46.61265,-123.91424,0013639A0000000,'13.6 N JCT SR 4',1
148,46.62794,-123.92314,0013743A0000000,'14.8 N JCT SR 4',1
149,46.97519,-123.62169,0013795A0000000,'9.5 E JCT US 101',0
150,46.691,-123.73228,0013872A0000000,'0.7 N JCT SR 6',0
151,46.51243,-123.88598,0014001A0000000,'6.3 N JCT SR 4',1
152,47.04494,-123.26307,0016399A0000000,'1.3 E JCT SR 108',0
153,46.96313,-124.15252,0016474A0000000,'0.1 N S RAZOR CLAM',1
154,47.42139,-123.87631,0016613A0000000,'36.2 N JCT SR 109',1
155,47.10967,-123.89708,0017521A0000000,'10.6 N JCT SR 109',1
156,47.12802,-123.89444,0017521B0000000,'12.0 N JCT SR 109',1
157,46.73719,-123.98238,0017984A0000000,'16.5 N JCT US 101',1
158,47.16308,-123.87922,0018124A0000000,'14.5 N JCT SR 109',1
159,46.64916,-123.9186,0018292A0000000,'16.3 N JCT SR 4',1
160,46.49382,-123.88798,0018344A0000000,'5.0 N JCT SR 4',1
161,46.74689,-123.88433,0018345A0000000,'10.1 N JCT US 101',1
162,46.75118,-123.88647,0018345B0000000,'10.5 N JCT US 101',1
163,46.61236,-123.6405,0018464A0000000,'7.0 E JCT US 101',0
164,47.04875,-123.30689,0018976A0000000,'5.0 E JCT US 12',0
165,47.04861,-123.30678,0018976B0000000,'5.0 E JCT US 12',0
166,47.05461,-123.28075,0018976C0000000,'0.3 E JCT SR 108',0
167,47.05444,-123.28103,0018976D0000000,'0.3 E JCT SR 108',0
168,46.97658,-123.62819,0019211A0000000,'9.1 E JCT US 101',0
169,46.54482,-123.39725,0019414A0000000,'22.6 E JCT US 101',0
170,46.74029,-123.97567,2.00273E+12,'16.2 N JCT US 101',1
171,46.3909,-123.82736,2.00503E+12,'3.1 E JCT US 101',1
172,47.37317,-123.63483,6.0901E+13,'NO DATA ENTERED',0
173,47.37628,-123.62647,6.0901E+13,'NO DATA ENTERED',0
174,47.39656,-123.5805,6.0901E+13,'NO DATA ENTERED',0
175,47.41144,-123.56864,6.0901E+13,'NO DATA ENTERED',0
176,47.48981,-123.52797,6.0901E+13,'NO DATA ENTERED',0
177,47.47236,-123.59311,6.0901E+13,'NO DATA ENTERED',0
178,47.44811,-123.54969,6.0901E+13,'NO DATA ENTERED',0
179,47.38431,-123.60556,6.0901E+13,'NO DATA ENTERED',0
180,47.38967,-123.64172,6.0901E+13,'NO DATA ENTERED',0
181,47.40156,-123.65392,6.0901E+13,'NO DATA ENTERED',0
182,47.42453,-123.64133,6.0901E+13,'NO DATA ENTERED',0
183,47.40461,-123.65761,6.0901E+13,'NO DATA ENTERED',0
184,47.35567,-123.55683,6.0901E+13,'NO DATA ENTERED',0
185,47.35444,-123.56578,6.0901E+13,'NO DATA ENTERED',0
186,47.38467,-123.53,6.0901E+13,'NO DATA ENTERED',0
187,47.41183,-123.52719,6.0901E+13,'NO DATA ENTERED',0
188,47.41375,-123.52917,6.0901E+13,'NO DATA ENTERED',0
189,47.51219,-124.09264,6.0903E+13,'1.8 MILE NORTH OF SR 101',1
190,47.27253,-123.91017,6.0903E+13,'NO DATA ENTERED',1
191,47.29717,-123.83647,6.0903E+13,'NO DATA ENTERED',1
192,47.32939,-123.80567,6.0903E+13,'NO DATA ENTERED',1
193,47.33033,-123.72519,6.0903E+13,'NO DATA ENTERED',0
194,47.37869,-123.79353,6.0903E+13,'NO DATA ENTERED',1
195,47.45772,-123.72906,6.0903E+13,'NO DATA ENTERED',0
196,47.47722,-123.69889,6.0903E+13,'NO DATA ENTERED',0
197,47.48367,-123.68203,6.0903E+13,'NO DATA ENTERED',0
198,47.48419,-123.63444,6.0903E+13,'NO DATA ENTERED',0
199,47.48039,-123.63189,6.0903E+13,'NO DATA ENTERED',0
200,47.47772,-123.63417,6.0903E+13,'NO DATA ENTERED',0
201,47.44583,-123.74392,6.0903E+13,'NO DATA ENTERED',0
202,47.4265,-123.89433,6.0903E+13,'NO DATA ENTERED',1
203,47.38861,-123.79658,6.0903E+13,'NO DATA ENTERED',1
204,47.35212,-123.86096,6.0903E+13,'NO DATA ENTERED',1
205,47.37326,-123.7887,6.0903E+13,'NO DATA ENTERED',1
206,47.33242,-123.88368,6.0903E+13,'NO DATA ENTERED',1
207,47.29108,-123.85553,6.0903E+13,'OFF HWY 101 3.7 MI FSR 22',1
208,47.33199,-123.82315,6.0903E+13,'NO DATA ENTERED',1
209,47.4173,-123.52853,6.0903E+13,'NO DATA ENTERED',0
210,46.55408,-123.36089,7.9648E+13,'0.18 NE JCT SR 6',0
211,46.37281,-123.74681,7.9732E+13,'3.0 E JCT 4 & 401',0
212,47.51444,-123.77389,7.9758E+13,'7.7 NE JCT US 101',0
213,46.64719,-123.64189,7.9821E+13,'5.9 SE JCT 6 & 101',0
214,47.50062,-123.78472,7.9913E+13,'6.6 E JCT SR 101',1
215,46.98833,-123.40889,7.994E+13,'1.0 S JCT SR 12',0
216,46.99292,-123.40417,7.9941E+13,'0.6 S JCT SR 12',0
217,47.07106,-124.16775,7.9954E+13,'0.1 W JCT SR 109',1
218,46.54472,-123.523,7.9962E+13,'8.5 E LEWIS CO',0
219,46.9887,-123.42478,8.0002E+13,'01.3 W JCT 9641',0
220,47.07278,-124.03861,8.0069E+13,'06.6 NW JCT US 101',1
221,47.072,-124.04278,8.007E+13,'06.8 NW JCT US 101',1
222,47.07199,-124.04358,8.0071E+13,'06.9 NW JCT US 101',1
223,46.98222,-123.41278,8.0082E+13,'1.6 S JCT SR 12',0
224,46.56333,-123.54792,8.0089E+13,'10.0 W LEWIS CO',0
225,46.99181,-123.555,8.0172E+13,'01.7 N JCT 7078',0
226,46.98361,-123.56222,8.0176E+13,'0.2 S JCT MONTE ELMA',0
227,46.99167,-123.31931,8.0197E+13,'3.4 NE JCT SR12',0
228,47.07317,-124.05078,8.0219E+13,'7.2 NW JCT US 101',1
229,46.81569,-123.5475,8.023E+13,'12.2 E JCT US 101',0
230,47.07852,-123.69989,8.0266E+13,'0.4 W JCT WYN VAL',0
231,47.15347,-123.84042,8.0319E+13,'12.4 N HOQUIAM',1
232,46.98433,-123.46925,8.0334E+13,'04.1 W JCT 9641',0
233,46.81817,-123.58268,8.0381E+13,'9.8 E JCT US 101',0
234,46.80995,-124.09192,8.0401E+13,'0.1 E JCT SR 105',1
235,47.07267,-123.35467,8.0463E+13,'1.5 NE JCT 7815',0
236,47.16217,-124.10339,8.0535E+13,'06.0 SE JCT SR 109',1
237,46.79917,-124.08972,8.0562E+13,'0.1 E JCT SR 105',1
238,47.06833,-123.35661,8.0612E+13,'1.5 N JCT CR 7815',0
239,46.97889,-123.47917,8.0624E+13,'1.5 S JCT SR 12',0
240,46.53567,-123.48053,8.0648E+13,'19.1 SE JCT US 101',0
241,46.62633,-123.59639,8.065E+13,'8.7 SE JCT 6 & 101',0
242,46.62911,-123.95328,8.0709E+13,'2.39 W JCT SR 101',1
243,47.23919,-124.21525,8.0715E+13,'00.1 W JCT SR 109',1
244,46.36461,-123.80978,8.0718E+13,'1.0 S JCT 4 & 401',1
245,46.36783,-123.82136,8.0834E+13,'1.3 SW JCT 4 & 401',1
246,46.62919,-123.69775,8.0858E+13,'2.48 S JCT SR 6',0
247,47.05708,-123.92786,8.0859E+13,'0.0 W JCT US 101',1
248,46.97597,-123.56468,8.0886E+13,'0.4 S JCT 6292',0
249,47.05806,-123.30806,8.0891E+13,'0.5 N JCT CR 7974',0
250,46.80611,-123.30944,8.0894E+13,'0.6 W JCT 6888',0
251,46.96806,-123.30861,8.093E+13,'1.4 NE JCT SR12',0
252,46.88444,-123.68306,8.0942E+13,'1.7 E JCT SR 101',0
253,46.89058,-123.68229,8.0944E+13,'1.9 E JCT US 101',0
254,47.06444,-123.55333,8.0953E+13,'02.3 N JCT 9725',0
255,46.62944,-123.69614,8.0965E+13,'4.70 S JCT SR 101',0
256,46.62778,-123.69056,8.0971E+13,'5.01 S JCT SR 101',0
257,47.49242,-123.81461,8.0996E+13,'5.0 NE JCT US 101',1
258,46.61303,-123.90003,8.1014E+13,'12.6 N JCT 4 & 101',1
259,47.05583,-123.29944,8.1045E+13,'00.1 NE JCT 7974',0
260,47.49,-123.8125,8.1053E+13,'0.2 S JCT 9340',1
261,47.06464,-124.04028,8.1054E+13,'00.2 W JCT 9415',1
262,47.49278,-123.80175,8.1057E+13,'0.2 S JCT 9340',1
263,46.97194,-123.42333,8.1067E+13,'0.4 S JCT 9634',0
264,46.79583,-123.16261,8.1073E+13,'0.4 W THURSTON CO.',0
265,47.05667,-123.3,8.1104E+13,'01.3 NE JCT 9740',0
266,47.06,-123.2975,8.1113E+13,'01.6 NE JCT 9740',0
267,46.36464,-123.78111,8.1115E+13,'1.7 SW JCT 4 & 401',0
268,47.23706,-123.91576,8.1135E+13,'03.3 E JCT SR101',1
269,46.80444,-123.29972,8.1139E+13,'03.6 SW JCT 9641',0
270,46.632,-123.54564,8.1156E+13,'9.0 W LEWIS CO',0
271,46.79381,-123.53222,8.1171E+13,'00.0 PACIFIC CO LIN',0
272,47.50314,-123.78115,8.1328E+13,'6.8 NE JCT US 101',0
273,46.53419,-123.51586,8.1344E+13,'0.25 SW JCT SR 6',0
274,46.35736,-123.73008,8.1356E+13,'0.1 W WAHKIAKUM CO',0
275,46.97722,-123.61611,8.1371E+13,'00.4 E JCT SR 12',0
276,46.53236,-123.49503,8.1427E+13,'18.3 SE JCT US 101',0
277,46.37339,-123.74758,8.1446E+13,'2.9 E JCT 4 & 401',0
278,46.97078,-123.62528,8.1474E+13,'0.6  S JCT SR12',0
279,47.23417,-123.98611,8.1485E+13,'01.4 W JCT SR 101',1
280,46.96889,-123.38056,8.1492E+13,'0.1 MI. NW DELEZENNE RD',0
281,46.95633,-123.6394,8.1738E+13,'0.6 S JCT 5294',0
282,46.87806,-123.2775,8.1739E+13,'1.4 S JCT SR 12',0
283,47.04111,-123.65,8.1772E+13,'03.6 NE JCT 9519',0
284,47.04361,-123.52444,8.1773E+13,'3.5 N BRADY',0
285,47.04278,-123.64972,8.1774E+13,'03.8 NE JCT 9519',0
286,47.1375,-123.63722,8.179E+13,'14.2 N JCT SR12',0
287,47.04972,-123.30694,8.1926E+13,'5.0 NE JCT SR 8',0
288,46.87333,-123.29903,8.1929E+13,'SOUTH OF LANGABEER ROAD',0
289,47.04426,-123.7929,8.1933E+13,'05.9 N ABERDEEN',1
290,47.12667,-123.81069,8.2023E+13,'10.0 N HOQUIAM',1
291,47.04539,-124.05696,8.2024E+13,'0.8 W JCT SR 109',1
292,47.04472,-124.05894,8.2031E+13,'0.9 SW JCT SR 109',1
293,46.86639,-123.31139,8.2045E+13,'01.2 W JCT 9641',0
294,47.48199,-123.82356,8.209E+13,'03.9 NE JCT US 101',1
295,47.04234,-123.3225,8.2095E+13,'4.1 NE JCT SR 8',0
296,46.96222,-123.67853,8.2097E+13,'4.3 E JCT SR 12',0
297,46.697,-123.70708,8.2144E+13,'1.5 E JCT 101  105',0
298,46.96333,-123.34778,8.218E+13,'00.9 S JCT SR12',0
299,46.53,-124.055,8.2182E+13,'02.77 N END SR 103',1
300,47.04944,-123.69861,8.2255E+13,'05.2 SW JCT 9519',0
301,47.46042,-123.86111,8.2507E+13,'1.4 NE JCT US 101',1
302,47.02944,-123.345,8.2614E+13,'0.06 S JCT 9710',0
303,46.77597,-123.46778,8.2621E+13,'2.2 SW GRAYS H CO',0
304,47.20946,-124.20385,8.2636E+13,'0.3 SW JCT SR 109',1
305,46.34258,-123.81258,8.269E+13,'0.37 N JCT SR 401',1
306,47.46847,-123.84583,8.2707E+13,'2.3 NE JCT US 101',1
307,46.93925,-123.31361,8.2824E+13,'0.1 W JCT SR 12',0
308,46.85556,-123.30917,8.2845E+13,'1.3 W JCT CR 9641',0
309,47.02694,-123.44722,8.2852E+13,'1.9 N JCT CR 9710',0
310,47.03056,-123.445,8.2857E+13,'02.1 N JCT 9710',0
311,47.02583,-123.81583,8.2876E+13,'03.9 N ABERDEEN',1
312,46.42622,-123.89222,8.2962E+13,'3.3 SW JCT 4 & 101',1
313,46.94639,-123.29528,8.2974E+13,'01.1 E JCT SR12',0
314,47.11639,-123.65667,8.301E+13,'12.2 N JCT SR12',0
315,47.10944,-123.78944,8.3045E+13,'11.7 N ABERDEEN',1
316,47.02903,-123.63458,8.3123E+13,'02.5 NE JCT 9519',0
317,47.03361,-123.63917,8.313E+13,'02.9 NE JCT 9519',0
318,46.51356,-123.86267,8.318E+13,'8.1 N JCT 4 & 101',1
319,47.02722,-123.625,8.3228E+13,'02.0 NE JCT 9519',0
320,47.03472,-123.37028,8.3238E+13,'02.7 W JCT 9740',0
321,46.77544,-123.50539,8.3317E+13,'2.6 S GRAY HAR CO',0
322,46.59019,-123.62033,8.3347E+13,'0.79 S JCT SR 6',0
323,46.58592,-123.62319,8.3373E+13,'9.3 SE JCT 6 & 101',0
324,47.01528,-123.64528,8.3477E+13,'00.5 NE JCT 9519',0
325,46.93917,-123.39306,8.353E+13,'2.6 S JCT 96411',0
326,47.01056,-123.65306,8.3537E+13,'03.1 N JCT SR 12',0
327,46.58694,-123.91078,8.3593E+13,'11.8 N JCT 4 & 101',1
328,46.67767,-123.66289,8.3595E+13,'4.4 E JCT 101  105',0
329,46.49367,-123.902,8.3617E+13,'5.7 NW JCT 4 & 101',1
330,47.10135,-124.04471,8.3618E+13,'00.8 N JCT 9423',1
331,46.665,-123.67417,8.3649E+13,'3.1 E JCT 6 & 101',0
332,46.67733,-123.66956,8.3691E+13,'4.0 E JCT 105 & 101',0
333,46.67133,-123.66922,8.3696E+13,'4.4 E JCT 105 101',0
334,47.02028,-123.69667,8.3816E+13,'4.1 N JCT SR 12',0
335,47.10292,-124.06278,8.3849E+13,'09.4 NW JCT US 101',1
336,47.01361,-123.46542,8.3905E+13,'00.5 N JCT 9710',0
337,46.758,-124.07803,8.3909E+13,'2.5 S GRAYS HAR CO',1
338,47.01667,-123.46556,8.3913E+13,'0.7 N JCT CR 9710',0
339,47.01806,-123.46556,8.3917E+13,'00.8 N JCT 9710',0
340,47.01917,-123.45639,8.3923E+13,'01.1 N JCT 9710',0
341,47.02278,-123.365,8.4049E+13,'0.7 NE JCT CR 9740',0
342,47.02194,-123.36417,8.4072E+13,'1.6 E JCT SR 8',0
343,47.02444,-123.35917,8.4073E+13,'1.9 E JCT SR 8',0
344,47.02556,-123.35639,8.4076E+13,'2.0 NE JCT SR 8',0
345,47.01014,-123.36722,8.4197E+13,'00.8 E JCT 9740',0
346,46.65017,-123.65361,8.4233E+13,'5.0 SE JCT 6 & 101',0
347,46.38678,-123.69628,8.431E+13,'0.16 N WAHKIAKUM CO',0
348,46.83667,-123.2225,8.4327E+13,'00.5 S JCT SR12',0
349,47.08167,-123.70167,8.4332E+13,'0.6 W JCT 9519',0
350,46.74092,-124.07211,8.4347E+13,'3.7 S GRAY HAR CO',1
351,47.00611,-123.46917,8.4405E+13,'0.6 E SATSOP',0
352,46.66469,-123.67769,8.4476E+13,'3.2 SE JCT 101 & 6',0
353,46.99833,-123.80083,8.4495E+13,'01.4 NE JCT 9431',1
354,47.07458,-124.0524,8.4541E+13,'7.2 NW JCT US 101',1
355,47.09742,-124.05936,8.4548E+13,'9.0 NW JCT SR 101',1
356,46.99722,-123.29444,8.466E+13,'4.7 NE JCT SR 12',0
357,46.74814,-123.67092,8.4671E+13,'7.9 NE JCT 6 & 101',0
358,47.00518,-123.88213,8.4708E+13,'0.2 W JCT E HOQ RD',1
359,46.82986,-123.25864,8.488E+13,'1.7 SW JCT SR 12',0
360,47.08147,-123.75481,8.4898E+13,'04.1 W JCT 9519',0
361,47,-123.49889,8.4912E+13,'0.6 E JCT W.SATSOP',0
362,47.00126,-123.49486,8.4914E+13,'00.1 W JCT E.SATSOP',0
363,47.08556,-123.48972,8.4917E+13,'7.1 N BRADY',0
364,46.98881,-124.14628,8.5005E+13,'0.1 W DUCK LAKE DR',1
365,46.99803,-124.14856,8.5008E+13,'0.1 E DOLPHIN',1
366,46.97961,-123.78153,8.5259E+13,'E SARGENT BLVD',0
367,46.985,-123.805,8.5264E+13,'YOUNG STREET',1
368,46.97833,-123.83167,8.5272E+13,'DIVISION CREEK',1
369,46.95258,-124.13492,8.5394E+13,'0.1 N DISCOVERY',1
370,47.005,-123.39694,8.5608E+13,'0.22 MI SW JCT E YOUNG ST',0
371,47.12322,-123.77633,8.5635E+13,'0.5 N JCT 5207',0
372,47.18562,-123.95264,8.5636E+13,'0.8 S JCT SR 101',1
373,47.23158,-123.92292,8.5815E+13,'02.8 E JCT SR101',1
374,47.04361,-123.31472,8.5816E+13,'00.1 SE JCT SR8',0
375,46.93167,-123.41333,8.6051E+13,'03.7 S JCT 96412',0
376,46.74581,-123.71681,8.6075E+13,'4.9 N JCT 101 & 105',0
377,46.77753,-123.46242,8.6076E+13,'1.2 SW GRAYS H. CO.',0
378,46.62431,-123.56772,8.6077E+13,'10.2 SE JCT 6 & 101',0
379,47.00908,-123.65128,8.6118E+13,'00.0 SW JCT 9519',0
380,47.07222,-123.77111,8.6119E+13,'08.20 N. ABERDEEN',0
381,46.56225,-123.61208,8.613E+13,'11.2 SE JCT 6 & 101',0
382,46.56425,-123.58844,8.6131E+13,'0.07 N JCT SR 6',0
383,46.56278,-123.56219,8.6132E+13,'13.0 SE JCT US 101',0
384,46.74897,-123.76728,8.6133E+13,'5.1 N JCT 105-101',0
385,46.73983,-123.73839,8.6134E+13,'0.29 E JCT SR 101',0
386,46.64297,-123.61611,8.6138E+13,'7.1 SE JCT 6 & 101',0
387,46.64567,-123.63058,8.6149E+13,'0.04 NE MILL CR RD',0
388,46.62758,-123.55697,8.6166E+13,'10.8 SE JCT 6 & 101',0
389,46.97694,-123.80139,8.6177E+13,'ENT MORRISON RIV PK',1
390,46.34686,-123.81125,8.6215E+13,'0.74 E JCT 401',1
391,46.62394,-123.68417,8.6216E+13,'3.41 S JCT SR 6',0
392,46.77833,-123.73356,8.6217E+13,'1.0 S GRAY HAR. CO.',0
393,46.69436,-123.71214,8.6299E+13,'1.2 MILES E. SR 105',0
394,47.22413,-123.51312,8.6354E+13,'00.2 NW JCT 7365',0
395,46.52028,-123.87936,8.6438E+13,'7.1 N JCT 4 AND 101',1
396,46.65872,-123.73061,8.6439E+13,'2.1 S JCT SR 6 AND SR 101',0
397,46.99632,-123.59374,8.6471E+13,'LAKE SYLVIA STATE PARK',0
398,47.20883,-124.18875,8.6505E+13,'00.5 E PACIFIC BEACH',1
399,47.00972,-123.51451,8.6633E+13,'0.12 E JCT 9725',0
400,46.88833,-123.71101,8.6634E+13,'0.25 E JCT US 101',0
401,46.99639,-123.41167,8.7166E+13,'0.34 MI. W. OF 9641',0
402,46.8175,-123.16056,8.7167E+13,'0.15 N HOWANUT RD',0
403,47.00431,-123.68611,8.7168E+13,'1.9 SW JCT 95190',0
404,47.04889,-123.78056,8.7204E+13,'0.4 E JCT 94311',0
405,46.97658,-123.61381,8.7237E+13,'WEST WYNOOCHEE AVE',0
406,46.51672,-123.87303,8.729E+13,'7.6 N JCT 4 & 101',1
407,46.98467,-124.15656,8.7515E+13,'0.1 E POINT BROWN AVE',1
408,46.98528,-124.14994,8.7516E+13,'0.3 E POINT BROWN AVE',1
409,47.05083,-123.96278,8.7517E+13,'1.83 W JCT US 101',1
410,47.17528,-123.51261,8.7518E+13,'0.2 NW JCT 7365',0
411,47.05453,-123.95592,8.7519E+13,'1.4 W JCT US 101',1
412,47.05645,-123.94372,8.752E+13,'0.8 W JCT US 101',1
413,46.79875,-123.35294,8.7521E+13,'3.2 W JCT 6888',0
414,46.94308,-123.35075,8.7522E+13,'1.9 NW JCT SR 12',0
415,46.80889,-123.27222,8.7781E+13,'0.2 SE JCT GARRARD CR RD',0
416,47.02667,-123.525,8.7968E+13,'2.2 N JCU 9710',0
417,47.24656,-123.61222,8.7969E+13,'23.4 MILES N. SR12',0
418,47.25792,-123.61486,8.797E+13,'24.23 MILES N. SR12',0
419,47.27011,-123.61931,8.7971E+13,'25.2 MILES N. SR12',0
420,47.2775,-123.62889,8.7972E+13,'26.0 MILES N. SR12',0
421,47.31389,-123.62917,8.7973E+13,'28.4 MILES N. SR12',0
422,46.80434,-123.2878,8.8149E+13,'O.1 MI S OF GARRARD CR RD',0
423,46.81624,-124.09183,8.815E+13,'SCHMID ROAD MP 0.5',1
424,46.93931,-123.32167,8.8225E+13,'0.5 W JCT SR 12',0
425,47.49,-123.81778,8.833E+13,'4.7 NE JCT SR101',1
426,47.04472,-123.65222,8.8339E+13,'03.9 NE JCT 9519',0
427,46.83417,-123.26417,8.834E+13,'0.4 N GARRARD CREEK RD',0
428,46.80611,-123.33028,8.8341E+13,'0.03 N WILDERNESS ROAD',0
429,47.47306,-123.83806,8.8342E+13,'2.8 NE OF JCT SR 101',1
430,46.95145,-124.14667,8.8389E+13,'00.1 N MARINE DRIVE',1
431,47.21542,-123.70824,8.8461E+13,'8.4 N Wishkah School',0
432,47.37042,-123.59994,8.8462E+13,'33.1 MILES N. SR12',0
433,47.07194,-124.04944,8.8483E+13,'0.0 W JCT 9423',1
434,46.83333,-123.23306,8.8484E+13,'0.5 SW JCT SR 12',0
435,46.81164,-124.09197,8.857E+13,'0.1 N JCT CR 1098',1
436,46.83,-123.25,8.8571E+13,'1.4 SW JCT SR 12',0
437,47.05944,-124.00389,8.8695E+13,'4.6 NW JCT US 101',1
438,47.12111,-124.15194,8.8696E+13,'0.2 N of Copalis Bch Rd',1
439,46.66425,-123.77786,8.8736E+13,'0.5 SE SR101 INTERSECTION',0
440,46.96361,-123.56389,8.8789E+13,'2.2 MILES E JCT SR 107',0
441,46.94617,-123.29493,8.8843E+13,'0.01 MI S JCT 84500',0
442,46.93167,-123.42667,8.8844E+13,'4.4 SW JCT SOUTH BANK RD',0
443,46.81194,-123.25222,8.8845E+13,'0.3 SE JCT GARRARD CRK RD',0
444,47.17083,-123.875,8.887E+13,'0.7 MI NE JCT US101',1
445,46.86917,-123.95028,8.8871E+13,'3.9 MI E JCT SR105',1
446,46.86583,-123.94378,8.8872E+13,'4.3 MI E JCT SR105',1
447,46.85842,-123.93167,8.8873E+13,'5.1 MI E JCT SR105',1
448,47.04319,-123.24917,8.8876E+13,'0.12 SE JCT 86290',0
449,46.974,-123.38917,8.8953E+13,'0.03 N JCT 96412',0
450,46.93175,-123.32694,8.8954E+13,'0.53 S JCT 96540',0
451,46.94403,-123.35161,8.8955E+13,'1.3 W JCT 96540',0
452,46.97469,-123.39244,8.8956E+13,'4.2 E JCT 96540',0
453,47.06289,-123.50107,8.8957E+13,'5.28 N JCT 97100',0
454,46.60948,-123.67766,8.8958E+13,'1.99 SE JCT SR 6',0
455,46.58681,-123.63192,8.8959E+13,'0.11 N JCT OXBOW RD',0
456,47.16483,-123.87662,8.8996E+13,'0.3 NE JCT SR 101',1
457,46.95986,-124.15783,8.9014E+13,'0.35 W PT BROWN AVE',1
458,47.03641,-123.28312,8.9036E+13,'0.9 W JCT MOX CHEHALIS RD',0
459,47.03413,-123.28533,8.9037E+13,'1.1 W JCT MOX CHEHALIS RD',0
460,47.02721,-123.29184,8.9038E+13,'1.7 W JCT MOX CHEHALIS RD',0
461,47.02269,-123.29799,8.9039E+13,'2.2 W JCT MOX CHEHALIS RD',0
462,47.01549,-123.30833,8.904E+13,'2.8 W JCT MOX CHEHALIS RD',0
463,47.03409,-123.26215,8.9041E+13,'7.9 NE JCT SR12',0
464,46.83285,-123.58911,8.9088E+13,'8.7 E JCT US 101',0
465,47.03972,-123.35173,8.9124E+13,'0.81 NE JCT 78150',0
466,47.04047,-123.35039,8.9125E+13,'0.89 NE JCT 78150',0
467,47.14543,-123.82569,8.9182E+13,'2.3 N JCT HOQ-WISHKAH RD',1
468,47.00227,-123.67614,8.9199E+13,'2.5 N. JCT US12',0
469,46.60722,-123.67236,8.9254E+13,'1.7 SE JCT SR6',0
470,47.07387,-123.30099,8.9296E+13,'0.4 N JCT ELMA HICKLIN RD',0
471,47.00569,-123.66691,8.9333E+13,'0.9 W JCT 95190',0
472,47.00558,-123.66824,8.9334E+13,'1.0 W JCT 95190',0
473,46.98009,-123.56479,8.948E+13,'0.2 S JCT 62920',0
474,47.07779,-123.26721,8.9481E+13,'0.1 S JCT 79740',0
475,47.08056,-123.26281,8.9482E+13,'0.5 W JCT SR 108',0
476,47.08446,-123.26019,8.9483E+13,'0.3 N JCT 79740',0
477,47.50325,-123.83506,9500014P0000000,'4.9 MI. NE OF JCT. HWY. 1',1
478,47.50322,-123.82619,9500017P0000000,'5.3 MI. NE OF JCT. HWY. 1',1
479,47.511,-123.80758,9500018P0000000,'6.6 Mi. NE of Jct. Hwy. 1',1
480,47.4815,-123.88928,9500048P0000000,'2.1 MI. NE OF JCT. HWY. 1',1
481,47.50903,-123.81794,9500049S0000000,'Approximately MP 6.2 on N',1
